"Refs","Value","Footprint","Qty","Description","Mfr","MPN","LCSC"
"C1-C4,C8,C9","10uF","Capacitor_SMD:C_0805_2012Metric","6","10uF ±10% 25V Ceramic Capacitor X5R 0805","","","C6119887"
"C5-C7,C13,C16,C19,C20","100nF","PCM_JLCPCB:C_0603","7","50V 100nF X7R ±10% 0603 Multilayer Ceramic Capacitors MLCC - SMD/SMT ROHS","YAGEO","","C14663"
"C11,C21","1uF","PCM_JLCPCB:C_0402","2","25V 1uF X5R ±10% 0402 Multilayer Ceramic Capacitors MLCC - SMD/SMT ROHS","Samsung Electro-Mechanics","","C52923"
"C12","33nF","PCM_JLCPCB:C_0603","1","50V 33nF X7R ±10% 0603 Multilayer Ceramic Capacitors MLCC - SMD/SMT ROHS","Samsung Electro-Mechanics","","C21117"
"C14","68pF","PCM_JLCPCB:R_0402","1","68pF ±5% 50V Ceramic Capacitor C0G 0402","","","C76977"
"C15","10uF","PCM_JLCPCB:C_0402","1","6.3V 10uF X5R ±20% 0402 Multilayer Ceramic Capacitors MLCC - SMD/SMT ROHS","Samsung Electro-Mechanics","","C15525"
"C17","47uF","Capacitor_SMD:C_1210_3225Metric","1","47uF ±10% 16V Ceramic Capacitor X5R 1210","","","C77101"
"C18","100nF","PCM_JLCPCB:C_0805","1","100V 100nF X7R ±10% 0805 Multilayer Ceramic Capacitors MLCC - SMD/SMT ROHS","Samsung Electro-Mechanics","","C28233"
"C22","470uF","Capacitor_SMD:C_Elec_8x10.2","1","Polarized capacitor","","","C141429"
"C23","3.3nF","PCM_JLCPCB:R_0603","1","Unpolarized capacitor, small symbol","","","C77036"
"C24","100nF","PCM_JLCPCB:C_0402","1","16V 100nF X7R ±10% 0402 Multilayer Ceramic Capacitors MLCC - SMD/SMT ROHS","Samsung Electro-Mechanics","","C1525"
"CN1-CN3","S2B-PH-SM4-TB(LF)(SN)",":CONN-SMD_P2.00_S2B-PH-SM4-TB-LF-SN","3","","","",""
"D1,D5","Red","PCM_JLCPCB:D_0805","2","25mA Colorless transparent lens 67mcd~195mcd -30°C~+85°C 615nm~630nm Individual diode Red 130° 65mW 1.6V~2.6V 0805 LED Indication - Discrete ROHS","Foshan NationStar Optoelectronics","","C84256"
"D2-D4","H5VL06B","PCM_JLCPCB:D_DFN0603-2L","3","8A 10V 80W 5.6V Bidirectional 5V DFN0603-2L ESD and Surge Protection (TVS/ESD) ROHS","hongjiacheng","","C7420373"
"D6,D8","1N4007W","PCM_JLCPCB:D_SOD-123FL","2","Independent Type 1A 1kV 1V@1.0A SOD-123FL Diodes - General Purpose ROHS","hongjiacheng","","C18199088"
"EN_TPS_JP1","Jumper_2_Bridged","TestPoint:TestPoint_2Pads_Pitch2.54mm_Drill0.8mm","1","Jumper, 2-pole, closed/bridged","","",""
"J1","USB_C_Receptacle_USB2.0_16P","Connector_USB:USB_C_Receptacle_GCT_USB4110","1","USB 2.0-only 16P Type-C Receptacle connector","","",""
"J2","Peltier","TerminalBlock_Phoenix:TerminalBlock_Phoenix_MKDS-1,5-2-5.08_1x02_P5.08mm_Horizontal","1","Generic screw terminal, single row, 01x02, script generated (kicad-library-utils/schlib/autogen/connector/)","","","C7509570"
"J3","12V_IN","TerminalBlock_Phoenix:TerminalBlock_Phoenix_MKDS-1,5-2-5.08_1x02_P5.08mm_Horizontal","1","Generic screw terminal, single row, 01x02, script generated (kicad-library-utils/schlib/autogen/connector/)","","","C7509570"
"J4,J5","Conn_01x02","Connector_JST:JST_XH_B2B-XH-AM_1x02_P2.50mm_Vertical","2","Generic connector, single row, 01x02, script generated (kicad-library-utils/schlib/autogen/connector/)","","",""
"JP1","Jumper_2_Open","TestPoint:TestPoint_2Pads_Pitch2.54mm_Drill0.8mm","1","Jumper, 2-pole, open","","",""
"L1","470uH","Inductor_SMD:L_0402_1005Metric","1","1.2A 140mΩ 1.2A ±20% 470nH Multilayer inductor 0402 Fixed Inductors RoHS","","","C5788770"
"L2","TMPC0624H-6R8MG-D","inductor_6.8u:IND-SMD_L7.0-W6.6","1","","","",""
"Q1","IRF8714",":SOIC-8_L4.9-W3.9-P1.27-LS6.0-BL","1","","","",""
"Q2,Q3","AO3400A","PCM_JLCPCB:Q_SOT-23","2","30V 5.7A 26.5mΩ@10V,5.7A 1.4W 1.5V@250uA 1 N-Channel SOT-23-3L MOSFETs ROHS","Alpha & Omega Semicon","","C20917"
"R1","2kΩ","PCM_JLCPCB:R_0402","1","62.5mW Thick Film Resistors 50V ±100ppm/°C ±1% 2kΩ 0402 Chip Resistor - Surface Mount ROHS","UNI-ROYAL(Uniroyal Elec)","","C4109"
"R2,R3","5.1kΩ","PCM_JLCPCB:R_0402","2","62.5mW Thick Film Resistors 50V ±100ppm/°C ±1% 5.1kΩ 0402 Chip Resistor - Surface Mount ROHS","UNI-ROYAL(Uniroyal Elec)","","C25905"
"R4","1kΩ","PCM_JLCPCB:R_0402","1","62.5mW Thick Film Resistors 50V ±100ppm/°C ±1% 1kΩ 0402 Chip Resistor - Surface Mount ROHS","UNI-ROYAL(Uniroyal Elec)","","C11702"
"R5","100m","PCM_JLCPCB:R_0603","1","0ppm/℃~+300ppm/℃ 100mW 100mΩ Current Sense Resistor SMD ±1% 0603 Current Sense Resistors / Shunt Resistors ROHS","","","C713431"
"R6","510kΩ","PCM_JLCPCB:R_0402","1","62.5mW Thick Film Resistors 50V ±100ppm/°C ±1% 510kΩ 0402 Chip Resistor - Surface Mount ROHS","UNI-ROYAL(Uniroyal Elec)","","C11616"
"R7","88.7k","PCM_JLCPCB:R_0402","1","Resistor, small symbol","","","C477808"
"R8,R12,R17,R22,R23,R25,R26,R29","10kΩ","PCM_JLCPCB:R_0402","8","62.5mW Thick Film Resistors 50V ±100ppm/°C ±1% 10kΩ 0402 Chip Resistor - Surface Mount ROHS","UNI-ROYAL(Uniroyal Elec)","","C25744"
"R9","0Ω","PCM_JLCPCB:R_0402","1","62.5mW Thick Film Resistors 50V ±800ppm/°C ±1% 0Ω 0402 Chip Resistor - Surface Mount ROHS","UNI-ROYAL(Uniroyal Elec)","","C17168"
"R10","300Ω","PCM_JLCPCB:R_0402","1","62.5mW Thick Film Resistors 50V ±100ppm/°C ±1% 300Ω 0402 Chip Resistor - Surface Mount ROHS","UNI-ROYAL(Uniroyal Elec)","","C25102"
"R11","30.9k","Resistor_SMD:R_0402_1005Metric","1","30.9kΩ 62.5mW 50V Thick Film Resistor ±1% ±100ppm/℃ 0402 Chip Resistor - Surface Mount RoHS","","","C2085168"
"R13","6.8","PCM_JLCPCB:R_0402","1","Resistor, small symbol","","",""
"R14,R15","4.7kΩ","PCM_JLCPCB:R_0402","2","62.5mW Thick Film Resistors 50V ±100ppm/°C ±1% 4.7kΩ 0402 Chip Resistor - Surface Mount ROHS","UNI-ROYAL(Uniroyal Elec)","","C25900"
"R16,R24","100Ω","PCM_JLCPCB:R_0402","2","62.5mW Thick Film Resistors 50V ±1% ±200ppm/°C 100Ω 0402 Chip Resistor - Surface Mount ROHS","UNI-ROYAL(Uniroyal Elec)","","C25076"
"R18,R21,R27","47kΩ","PCM_JLCPCB:R_0402","3","62.5mW Thick Film Resistors 50V ±100ppm/°C ±1% 47kΩ 0402 Chip Resistor - Surface Mount ROHS","UNI-ROYAL(Uniroyal Elec)","","C25792"
"R19","11k","PCM_JLCPCB:R_0402","1","Resistor","","","C705643"
"R28","5.6kΩ","PCM_JLCPCB:R_0402","1","62.5mW Thick Film Resistors 50V ±100ppm/°C ±1% 5.6kΩ 0402 Chip Resistor - Surface Mount ROHS","UNI-ROYAL(Uniroyal Elec)","","C25908"
"R30","953","PCM_JLCPCB:R_0402","1","Resistor, small symbol","","","C852958"
"R31","470kΩ","PCM_JLCPCB:R_0402","1","62.5mW Thick Film Resistors 50V ±100ppm/°C ±1% 470kΩ 0402 Chip Resistor - Surface Mount ROHS","UNI-ROYAL(Uniroyal Elec)","","C25790"
"RT1","RT_TP","TestPoint:TestPoint_Pad_D1.0mm","1","test point","","",""
"S1,S2","Tactile Button, 160gf","PCM_JLCPCB:SW-SMD_4P-L5.1-W5.1-P3.70-LS6.5-TL-2","2","None Without 50mA 5.1mm 100000 Times 160gf 12V 5.1mm 1.5mm Round Button Standing paste SPST SMD Tactile Switches ROHS","XKB Connectivity","","C318884"
"TP1","VBUS","TestPoint:TestPoint_Pad_1.0x1.0mm","1","test point","","",""
"TP2","ST_R","TestPoint:TestPoint_Pad_D1.0mm","1","test point","","",""
"TP3","12V_OUT_TP","TestPoint:TestPoint_Pad_D1.0mm","1","test point","","",""
"TPS_ST1","TPS_BST_TP","TestPoint:TestPoint_Pad_D1.0mm","1","test point","","",""
"U1","AMS1117-3.3","Package_TO_SOT_SMD:SOT-223-3_TabPin2","1","1A Low Dropout regulator, positive, 3.3V fixed output, SOT-223","","","C6186"
"U2","LM66200DRLR","LM66200:SOT-583-8_L2.1-W1.2-P0.50-LS1.6-BL","1","","","",""
"U3","TPS62932","Package_TO_SOT_SMD:SOT-583-8","1","3.8-30V, 2A  Synchronous Buck Converters with pulse frequency modulation (PFM), SOT583-8","","","C3032935"
"U4","ESP32-S3-WROOM-1-N16R8","RF_Module:ESP32-S3-WROOM-1","1","RF Module, ESP32-S3 SoC, Wi-Fi 802.11b/g/n, Bluetooth, BLE, 32-bit, 3.3V, onboard antenna, SMD","","","C2913202"
"U6","SM03B-SRSS-TB(LF)(SN)(P)",":CONN-SMD_SM03B-SRSS-TB-LF-SN-P","1","","","",""
"U7,U8","AHT20_C2757850","aht20:SENSOR-SMD_L3.0-W3.0-P1.00-BR","2","","","",""
"U9","TPS22811LRPWR_C17294173","tps22811:VQFN-10_L2.0-W2.0-P0.45-TL","1","","","",""
"U10","IRS44273LTRPBF",":SOT-23-5_L3.0-W1.7-P0.95-LS2.8-BR","1","","","",""
